SR NOS.,REF#,MODEL,SERIAL NUMBER,MAKE ,GAS,TYPE,LOCATION,QTY.,REMARKS,,,,,,,
1,CH-1,YAEP77UF7850PA,50530F81118177,York,R 407C,Air Cooled Chiller,Chiller Yard,1,,,,,,,,
2,CH-2,YAEP77UF7850PA,50530F81118179,York,R 407C,Air Cooled Chiller,Chiller Yard,1,,,,,,,,
3,CH-3,YAEP77UF7850PA,50530F81118180,York,R 407C,Air Cooled Chiller,Chiller Yard,1,,,,,,,,
4,CHWP-1,M2QA160L4A (1510 20HP),500019E + 14191605,ABB+ BELL & GOSSETTE,N/A,CHW Pump,Pump Room,1,,,,,,,,
5,CHWP-2,M2QA160L4A (1510 20HP),500019E + 14191605,ABB+ BELL & GOSSETTE,N/A,CHW Pump,Pump Room,1,,,,,,,,
6,CHWP-3,M2QA160L4A (1510 20HP),500019E + 14191605,ABB+ BELL & GOSSETTE,N/A,CHW Pump,Pump Room,1,,,,,,,,
7,CHPT,H44702103,Not Available,Groundfus,N/A,Transfer Pump,Pump Room,1,,,,,,,,
8,Dozing,LB645B-VTC1,951738,Pulsa Feeder,N/A,Chemical Dozing Unit,Pump Room,1,Additional,,,,,,,
9,FAHU-01,YSM50[T]M-0713-S-R,80022G12387822,YORK,CHW,FAHU,PALACE ROOFTOP,1,,,,,,,,
10,FAHU-02,YSM50[T]M-0913-S-R,80022G12387823,YORK,CHW,FAHU,PALACE ROOFTOP,1,,,,,,,,
11,AHU-B/1,YMS50X60 - 5.5 KW,Not Available,YORK,CHW,AIR HANDLING UNIT,Basement Car Parking,1,,,,,,,,
13,AHU-B/3,YMS30X60 - 2.2 KW,Not Available,YORK,CHW,AIR HANDLING UNIT,Basement Store,1,,,,,,,,
14,AHU-G/1,YSM50[T]M-0100-S-L,80022G12387813,YORK,CHW,AIR HANDLING UNIT,Hallway & Ground Store,1,,,,,,,,
15,AHU-G/2,YSM50[T]M-0710-S-L,80022G12387814,YORK,CHW,AIR HANDLING UNIT,"Bedroom-2, Ground",1,,,,,,,,
16,AHU-G/3,YSM50[T]M-010-S-L,80022G12387822,YORK,CHW,AIR HANDLING UNIT,"Big Majlis, Ground",1,,,,,,,,
17,AHU-G/4,YSM50[T]M-0709-S-R,80022G12387815,YORK,CHW,AIR HANDLING UNIT,"Pink Bedroom-1, Ground",1,,,,,,,,
18,AHU-G/5A,YSM50[T]M-07137-L,80022G12387816,YORK,CHW,AIR HANDLING UNIT,"Majlis, Ground",1,Additional,,,,,,,
19,AHU-G/6,YSM50[T]M-0715-S-R,80022G12387818,YORK,CHW,AIR HANDLING UNIT,"Ash Bedroom, Ground",1,,,,,,,,
20,AHU-G/7,YSM50[T]M-0915-S-L,80022G12387819,YORK,CHW,AIR HANDLING UNIT,"Big Dining, Ground",1,,,,,,,,
21,AHU-G/8,YSM50[T]M-0511-S-L,80022G12387820,YORK,CHW,AIR HANDLING UNIT,"Dressing Room, Ground",1,,,,,,,,
22,AHU-G/9,YSM50[T]M-0710-S-R,80022G12387821,YORK,CHW,AIR HANDLING UNIT,"Small Dining, Ground",1,,,,,,,,
23,AHU-G/5B,YSM50[T]M-0713-S-L,80022G12387817,YORK,CHW,AIR HANDLING UNIT,"Majlis, Ground",1,,,,,,,,
24,AHU-F/1,YSM50[T]M-0715-S-S,80022G12387806,YORK,CHW,AIR HANDLING UNIT,Shk Rashid & Girls Bedroom,1,,,,,,,,
25,AHU-F/2,YSM50[T]M-0715-S-L,80022G12387807,YORK,CHW,AIR HANDLING UNIT,Shk Rashid & Boys Bedroom,1,,,,,,,,
26,AHU-F/3,YSM50[T]M-05-09-S-R,80022G12387808,YORK,CHW,AIR HANDLING UNIT,"CP Office, 1st Floor",1,,,,,,,,
27,AHU-F/4,YSM50[T]M-0913-S-L,80022G12387809,YORK,CHW,AIR HANDLING UNIT,"Master Bedroom, 1st Floor",1,,,,,,,,
28,AHU-F/5,YSM50[T]M-0713-S-S,80022G12387810,YORK,CHW,AIR HANDLING UNIT,"Pharmacy, Dressing, 1st Floor",1,,,,,,,,
29,AHU-F/6,YSM50[T]M-0713-S-L,80022G12387811,YORK,CHW,AIR HANDLING UNIT,"Dressing Room, 1st Floor",1,,,,,,,,
30,AHU-F/7,YSM50[T]M-0913-S-L,80022G12387812,YORK,CHW,AIR HANDLING UNIT,Fatima & Aaisha Rooms,1,,,,,,,,
31,SPU-1,SGS-190EM,N/A,Super General,R/22,Wall Mounted,Lift Room,1,,,,,,,,
32,DS-1,38CKC024X7,N/A,Carrier,R/22,Ducted Split Unit,Basement Elect room,1,,,,,,,,
33,FCU-01,YGFC12STCB4XF2A5L,50530E81073672,YORK,CHW,FAN COIL UNIT,Pump Room,1,,,,,,,,
34,FCU-02,YGFC12STCB4XF2A5L,50530E81073671,YORK,CHW,FAN COIL UNIT,Pump Room,1,,,,,,,,
35,FCU-03,YGFC06STCB4XF2A5L,50530E81073676,YORK,CHW,FAN COIL UNIT,Basement Laundry-1,1,,,,,,,,
36,FCU-04,YGFC06STCB4XF2A5L,50530E81073675,YORK,CHW,FAN COIL UNIT,Basement Laundry-2,1,,,,,,,,
37,FCU-05,YGFC06STCB4XF2A5L,50530E81073674,YORK,CHW,FAN COIL UNIT,Basement Laundry-3,1,,,,,,,,
38,FCU-06,YGFC06STCB4XF2A5L,50530E81073677,YORK,CHW,FAN COIL UNIT,Basement Washing Area,1,,,,,,,,
39,FCU-07,Not Available,N/A,GEMCOOL,CHW,FAN COIL UNIT,Basement Linen,1,,,,,,,,
40,FCU-08,Not Available,N/A,GEMCOOL,CHW,FAN COIL UNIT,Basement Store,1,,,,,,,,
41,DDC-1,ISMA-B / MIX38,N/A,ISMA,HVAC,Standalone,Palace Rooftop,1,,,,,,,,
42,DDC-2,ISMA-B / MIX38,N/A,ISMA,HVAC,Standalone,Palace Rooftop,1,,,,,,,,
43,DDC-3,ISMA-B / MIX38,N/A,ISMA,HVAC,Standalone,Palace Rooftop,1,,,,,,,,
44,DDC-4,ISMA-B / MIX38,N/A,ISMA,HVAC,Standalone,Palace Rooftop,1,,,,,,,,
45,DDC-5,ISMA-B / MIX38,N/A,ISMA,HVAC,Standalone,Palace Rooftop,1,,,,,,,,
46,DDC-6,ISMA-B / MIX38,N/A,ISMA,HVAC,Standalone,Palace Rooftop,1,,,,,,,,
47,DDC-7,ISMA-B / MIX38,N/A,ISMA,HVAC,Standalone,Palace Rooftop,1,,,,,,,,
48,EXF-01,CA150MA/TC,N/A,DYNAIR,HVAC,Ducted Extract Fan,Palace Rooftop,1,,,,,,,,
49,EXF-02,CA150MA/TC,N/A,DYNAIR,HVAC,Ducted Extract Fan,Palace Rooftop,1,,,,,,,,
50,EXF-03,CA150MA/TC,N/A,DYNAIR,HVAC,Ducted Extract Fan,Palace Rooftop,1,,,,,,,,
51,EXF-04,CA150MA/TC,N/A,DYNAIR,HVAC,Ducted Extract Fan,Palace Rooftop,1,,,,,,,,
52,EXF-05,CA150MA/TC,N/A,DYNAIR,HVAC,Ducted Extract Fan,Palace Rooftop,1,,,,,,,,
53,EXF-06,CA100MA/TC,N/A,DYNAIR,HVAC,Ducted Extract Fan,Palace Rooftop,1,,,,,,,,
54,EXF-07,CA150MA/TC,N/A,DYNAIR,HVAC,Ducted Extract Fan,Palace Rooftop,1,,,,,,,,
55,EXF-08,CA150MA/TC,N/A,DYNAIR,HVAC,Ducted Extract Fan,Palace Rooftop,1,,,,,,,,
56,EXF-09,CA150MA/TC,N/A,DYNAIR,HVAC,Ducted Extract Fan,Palace Rooftop,1,,,,,,,,
57,EXF-10,CA150MA/TC,N/A,DYNAIR,HVAC,Ducted Extract Fan,Palace Rooftop,1,,,,,,,,
58,EXF-11,CA150MA/TC,N/A,DYNAIR,HVAC,Ducted Extract Fan,Palace Rooftop,1,,,,,,,,
59,EXF-12,CA150MA/TC,N/A,DYNAIR,HVAC,Ducted Extract Fan,Palace Rooftop,1,,,,,,,,
60,EXF-13,CA150MA/TC,N/A,DYNAIR,HVAC,Ducted Extract Fan,Palace Rooftop,1,,,,,,,,
61,EXF-14,CA150MA/TC,N/A,DYNAIR,HVAC,Ducted Extract Fan,Palace Rooftop,1,,,,,,,,
62,EXF-15,CA150MA/TC,N/A,DYNAIR,HVAC,Ducted Extract Fan,Palace Rooftop,1,,,,,,,,
63,EXF-16,CA150MA/TC,N/A,DYNAIR,HVAC,Ducted Extract Fan,Palace Rooftop,1,,,,,,,,
64,EXF-17,CA150MA/TC,N/A,DYNAIR,HVAC,Ducted Extract Fan,Palace Rooftop,1,,,,,,,,
65,VAV/01,CN-750 N/A,N/A,Honeywell,HVAC,Ducted VAV/01,Old Shk Rashid Room,1,,,,,,,,
66,VAV/02,CN-750 N/A,N/A,Honeywell,HVAC,Ducted VAV/02,Old Shk Rashid Room,1,,,,,,,,
67,VAV/03,CN-750 N/A,N/A,Honeywell,HVAC,Ducted VAV/03,Aisha Dressing Room,1,,,,,,,,
68,VAV/04,CN-750 N/A,N/A,Honeywell,HVAC,Ducted VAV/04,Children Room,1,,,,,,,,
69,VAV/05,CN-750 N/A,N/A,Honeywell,HVAC,Ducted VAV/05,New Shk Rashid Room,1,,,,,,,,
70,VAV/06,CN-750 N/A,N/A,Honeywell,HVAC,Ducted VAV/06,Boys Room,1,,,,,,,,
71,VAV/07,CN-750 N/A,N/A,Honeywell,HVAC,Ducted VAV/07,Shaikh Ahmed Room,1,,,,,,,,
72,DX Unit,1.5 Tr,NA,O'General,HVAC,Ducted Unit,Palace washroom,2,,,,,,,,
1,Heat Pump,TH800,N/A,Theamco,410A,Heat Pump,Palace Top Roof,1,,,,,,,,
2,Cooling Pump,SCP120PD,N/A,Sapphire,407C,Water Cooling System,Palace Top Roof,1,,,,,,,,
3,DSU-1,AOGA60FRTBU,T011334,O'General,410A,Ductable Split,Palace Top Roof,1,,,,,,,,
4,DSU-2,AOGA60FRTBU,T011335,O'General,410A,Ductable Split,Palace Top Roof,1,,,,,,,,
5,Cool,K40HC,N/A,Kelvin Pro,R22,Cooling System,Palace Top Roof,1,,,,,,,,
6,LV,UV SYSTEM,N/A,Biosecure,N/A,UV System,Palace Top Roof,19,,,,,,,,
7,AC,X16ETO1R,N/A,Olefini,N/A,Air Curtain,Besement,4,,,,,,,,
8,AC,X16TRSD,N/A,Olefini,N/A,Air Curtain,Besement,4,,,,,,,,
1,CSU-1,AOG36APAL3L [3TR],T010484,O'General,R22,Ducted Split AC,Kitchen Store,1,,,,,,,,
2,CSU-2,AOG36APAL3L [3TR],T010677,O'General,R22,Ducted Split AC,Kitchen Store,1,,,,,,,,
3,DS-01,AOG36APAL3L [3TR],T010684,O'General,R22,Ducted Split AC,Kitchen Store,1,,,,,,,,
4,SPU-1,FUTBRU,132244,O'General,R22,Wall Mounted Split,Bakery,1,,,,,,,,
5,AHU-01,CLCPEUR 0010 [3 KW],1HH15-16227,TRANE,R22,AHU-1,Water Treatment Plan ,1,,,,,,,,
6,AHU-02,CLCPEUR 0010 [3 KW],1M1115-06228,TRANE,R22,AHU-2,Main Kitchen Shaikh Family,1,,,,,,,,
1,FA,TACG300079NS,N/A,TROSTEN,407C,Fresh Air Unit,Kitchen Roof,1,,,,,,,,
2,EXF,N/A,N/A,WEG,N/A,Exhaust,Kitchen Roof,1,,,,,,,,
3,EXF,N/A,N/A,N/A,N/A,Exhaust,Kitchen Roof,1,,,,,,,,
4,EXF,RMS100LBU,N/A,INDUCTION MOTOR,N/A,Exhaust,Kitchen Roof,1,,,,,,,,
5,SPU,AOGA36FET,N/A,O'GENERAL,410A,Wall Mounted,Kitchen Roof,1,,,,,,,,
6,SPU,N/A,N/A,SUPER GENERAL,R/22,Wall Mounted,Kitchen Roof,1,,,,,,,,
7,FA,GEUN08CP3BI,16-6002B,COOL WAVE,R407C,Fresh Air Unit,Kitchen Roof,1,,,,,,,,
8,SPU,AOGA24FUTB,N/A,O'GENERAL,R410A,Wall Mounted,Kitchen Roof,1,,,,,,,,
9,SPU,SGS24SGE,N/A,SUPER GENERAL,R410A,Wall Mounted,Kitchen Roof,1,,,,,,,,
10,EXF,5137217800,N/A,SUPER GENERAL,N/A,Exhaust,Kitchen Roof,1,,,,,,,,
11,AC,X20EC01R,N/A,Olefini,N/A,Air Curtain,Kitchen Corridor,1,,,,,,,,
12,AC,X16EC01R,N/A,Olefini,N/A,Air Curtain,Kitchen Corridor,1,,,,,,,,
13,AC,X20EC01R,N/A,Olefini,N/A,Air Curtain,Main Kitchen,1,,,,,,,,
14,AC,X20EC01R,N/A,Olefini,N/A,Air Curtain,Kitchen Manager Office,1,,,,,,,,
15,SPU,AOGA30FUTB,N/A,O'GENERAL,R410A,Wall Mounted,Corridor Office,2,,,,,,,,
16,SPU,ES18K11BCCO,N/A,Electrolux,R410A,Wall Mounted,Mobile team store,1,,,,,,,,
1,AHU-01,CLCPEUR 0014 [5.5 KW],AM111,TRANE,,AHU-01,Ground Floor,1,,,,,,,,
2,AHU-02,CLCPEUR 0014 [5.5 KW],S-0522,TRANE,,AHU-02,First Floor,1,,,,,,,,
3,VAV/01,No Access,Not Available,Maxel,,Ducted Bypass VAV,Bed Room,1,,,,,,,,
4,VAV/02,No Access,Not Available,Maxel,,Ducted Bypass VAV,Kitchen GR,1,,,,,,,,
5,VAV/03,No Access,Not Available,Maxel,,Ducted Bypass VAV,Bed Room - 1,1,,,,,,,,
6,VAV/04,No Access,Not Available,Maxel,,Ducted Bypass VAV,Bed Room - 2,1,,,,,,,,
7,VAV/05,No Access,Not Available,Maxel,,Ducted Bypass VAV,Hall - 1,1,,,,,,,,
8,VAV/06,No Access,Not Available,Maxel,,Ducted Bypass VAV,Hall -2,1,,,,,,,,
9,VAV/07,No Access,Not Available,Maxel,R/22,Wall Mounted Split,1st Floor Staircase,1,,,,,,,,
10,VAV/08,No Access,Not Available,Maxel,410A,Package Unit,Roof,1,,,,,,,,
11,SPU-1,AOGRA24AT [2TR],Not Available,O'General,410A,Wall Mounted,Roof,1,,,,,,,,
12,PU,TRP-H069EN500,20230125002,Trosten,,,Roof,1,,,,,,,,
13,FAHU,TAH020TFM,20930792x0001,Trosten,,,Roof,1,,,,,,,,
,Duct Heater,MXSP230,NA,Maxel,NA,Ducted Heater,inside Duct,8,,,,,,,,
1,AHU-1,CLCPEUR0014,1A1115-08221,TRANE,,AHU,Ground Floor,1,,,,,,,,
2,AHU-2,CLCPEUR0014,1M1115-06226,TRANE,,AHU,1st Floor,1,,,,,,,,
3,VAV/01,VAV-B-12-F,N/A,BETEC CAD,,Ducted Bypass VAV,Staff Bedroom 1 GF,1,,,,,,,,
4,VAV/02,VAV-B-12-F,N/A,BETEC CAD,,Ducted Bypass VAV,Staff Bedroom 2 GF,1,,,,,,,,
5,VAV/03,VAV-B-12-F,N/A,BETEC CAD,,Ducted Bypass VAV,Staff Bedroom 3 GF,1,,,,,,,,
6,VAV/04,VAV-B-12-F,N/A,BETEC CAD,,Ducted Bypass VAV,Staff Bedroom 4 GF,1,,,,,,,,
7,VAV/05,VAV-B-12-F,N/A,BETEC CAD,,Ducted Bypass VAV,Staff Bedroom 5 GF,1,,,,,,,,
8,VAV/06,VAV-B-12-F,N/A,BETEC CAD,,Ducted Bypass VAV,Staff Bedroom 6 GF,1,,,,,,,,
9,VAV/07,VAV-B-12-F,N/A,BETEC CAD,,Ducted Bypass VAV,Staff Bedroom 7 GF,1,,,,,,,,
10,VAV/08,VAV-B-12-F,N/A,BETEC CAD,,Ducted Bypass VAV,Staff Bedroom 8 GF,1,,,,,,,,
11,VAV/09,VAV-B-12-F,N/A,BETEC CAD,,Ducted Bypass VAV,Staff Bedroom 9 GF,1,,,,,,,,
12,VAV/10,VAV-B-12-F,N/A,BETEC CAD,,Ducted Bypass VAV,Staff Bedroom 10 GF,1,,,,,,,,
13,VAV/11,VAV-B-12-F,N/A,BETEC CAD,,Ducted Bypass VAV,Staff Bedroom 1 FF,1,,,,,,,,
14,VAV/12,VAV-B-12-F,N/A,BETEC CAD,,Ducted Bypass VAV,Staff Bedroom 2 FF,1,,,,,,,,
15,VAV/13,VAV-B-12-F,N/A,BETEC CAD,,Ducted Bypass VAV,Staff Bedroom 3 FF,1,,,,,,,,
16,VAV/14,VAV-B-12-F,N/A,BETEC CAD,,Ducted Bypass VAV,Staff Bedroom 4 FF,1,,,,,,,,
17,VAV/15,VAV-B-12-F,N/A,BETEC CAD,,Ducted Bypass VAV,Staff Bedroom 5 FF,1,,,,,,,,
18,VAV/16,VAV-B-12-F,N/A,BETEC CAD,,Ducted Bypass VAV,Staff Bedroom 6 FF,1,,,,,,,,
19,VAV/17,VAV-B-12-F,N/A,BETEC CAD,,Ducted Bypass VAV,Staff Bedroom 7 FF,1,,,,,,,,
20,VAV/18,VAV-B-12-F,N/A,BETEC CAD,,Ducted Bypass VAV,Staff Bedroom 8 FF,1,,,,,,,,
21,VAV/19,VAV-B-12-F,N/A,BETEC CAD,,Ducted Bypass VAV,Staff Bedroom 9 FF,1,,,,,,,,
22,VAV/20,VAV-B-12-F,N/A,BETEC CAD,,Ducted Bypass VAV,Staff Bedroom 10 FF,1,,,,,,,,
23,SPU-1,AOGA36FUTASU,T003086,O'GENERAL,R/410A,Ducted Split AC,GYM,1,Additional,,,,,,,
24,SPU-2,OGA24FUTDHU,T040285,O'GENERAL,R/410A,Ducted Split AC,LOUNGE,1,Additional,,,,,,,
25,VRF FAHU,Caeeier ,NA,Carrier,410,Ducted,For Full Accommodation,1,,,,,,,,
1,PU,EMRHRX078ANT,W221962719,RHEEM,R/410A,PACKAGE UNIT,ROOF,1,,,,,,,,
2,PU,EMRHRX078ANT,W271962721,RHEEM,R/410A,PACKAGE UNIT,ROOF,1,,,,,,,,
3,PU,EMRHRX078ANT,W271962718,RHEEM,R/410A,PACKAGE UNIT,ROOF,1,,,,,,,,
4,DU,SAGL-060NA011,W251906489,RHEEM,R/410A,DUCTED,GYM,1,,,,,,,,
5,SPU,AOGR30RAT,T031361,O'GENERAL,R/22,WALL MOUNTED,LAUNDRY-1,1,,,,,,,,
6,SPU,AOGR30RAT,T03273X,O'GENERAL,R/22,WALL MOUNTED,LAUNDRY-1,1,Additional,,,,,,,
7,SPU,AOG18RNAKH,T024401,O'GENERAL,R/22,WALL MOUNTED,LAUNDRY-2,1,,,,,,,,
8,SPU,AOG18RNAKH,T032731,O'GENERAL,R/22,WALL MOUNTED,LAUNDRY-2,1,,,,,,,,
9,SPU,AOG24RNAKH,T024402,O'GENERAL,R/22,WALL MOUNTED,LAUNDRY-3,1,,,,,,,,
10,SPU,AOG24RNAKH,T024400,O'GENERAL,R/22,WALL MOUNTED,LAUNDRY-3,1,,,,,,,,
11,SPU,AOGR30RAT,T031362,O'GENERAL,R/22,WALL MOUNTED,LAUNDRY-4,1,,,,,,,,
12,SPU,AOG18RNAKH,T022860,O'GENERAL,R/22,WALL MOUNTED,LAUNDRY-5,1,,,,,,,,
13,SPU,AOG18RNAKH,T032731,O'GENERAL,R/22,WALL MOUNTED,LAUNDRY-5,1,,,,,,,,
14,EX,MCS 9-9-0.37,N/A,METRICO,,ROOF MOUNTED,ROOF,1,,,,,,,,
15,EX,MCS 9-9-0.37,N/A,METRICO,,ROOF MOUNTED,ROOF,1,,,,,,,,
16,EX,MCS 9-9-0.37,N/A,METRICO,,ROOF MOUNTED,ROOF,1,,,,,,,,
17,SPU,AOG18RNAKH,NA,O'GENERAL,R 410,WALL MOUNTED,Barber Shop,2,,,,,,,,
1,AC,AXGA18ADTR,N/A,O'GENERAL,R/22,Window AC,Room - 01,1,,,,,,,,
2,AC,AXGA18ADTR,N/A,O'GENERAL,R/22,Window AC,Room - 02,1,,,,,,,,
3,AC,AXGA18ADTR,N/A,O'GENERAL,R/22,Window AC,Room - 03,1,,,,,,,,
4,AC,AXGA18ADTR,N/A,O'GENERAL,R/22,Window AC,Room - 04,1,,,,,,,,
5,AC,AXGA18ADTR,N/A,O'GENERAL,R/22,Window AC,Room - 05,1,,,,,,,,
6,AC,AXGA18ADTR,N/A,O'GENERAL,R/22,Window AC,Room - 06,1,,,,,,,,
7,AC,AXGA18ADTR,N/A,O'GENERAL,R/22,Window AC,Room - 07,1,,,,,,,,
8,AC,AXGA18ADTR,N/A,O'GENERAL,R/22,Window AC,Room - 08,1,,,,,,,,
9,AC,AXGA18ADTR,N/A,O'GENERAL,R/22,Window AC,Room - 09,1,,,,,,,,
10,AC,AXGA18ADTR,N/A,O'GENERAL,R/22,Window AC,Room - 10,1,,,,,,,,
11,AC,AXGA18ADTR,N/A,O'GENERAL,R/22,Window AC,Room - 11,1,,,,,,,,
12,AC,AXGA18ADTR,N/A,O'GENERAL,R/22,Window AC,Room - 12,1,,,,,,,,
13,AC,AXGA18ADTR,N/A,O'GENERAL,R/22,Window AC,Room - 13,1,,,,,,,,
14,AC,AXGA18ADTR,N/A,O'GENERAL,R/22,Window AC,Room - 14,1,,,,,,,,
15,AC,AXGA18ADTR,N/A,O'GENERAL,R/22,Window AC,Room - 15,1,,,,,,,,
16,AC,AXGA18ADTR,N/A,O'GENERAL,R/22,Window AC,Room - 16,1,,,,,,,,
17,AC,AXGA18ADTR,N/A,O'GENERAL,R/22,Window AC,Room - 17,1,,,,,,,,
18,AC,AXGA18ADTR,N/A,O'GENERAL,R/22,Window AC,Room - 18,1,,,,,,,,
19,AC,AXGA18ADTR,N/A,O'GENERAL,R/22,Window AC,Room - 19,1,,,,,,,,
20,AC,AXGA18ADTR,N/A,O'GENERAL,R/22,Window AC,Room - 20,1,,,,,,,,
21,AC,AXGA18ADTR,N/A,O'GENERAL,R/22,Window AC,Room - 21,1,,,,,,,,
22,AC,AXGA18ADTR,N/A,O'GENERAL,R/22,Window AC,Room - 22,1,,,,,,,,
23,AC,AXGA18ADTR,N/A,O'GENERAL,R/22,Window AC,Room - 23,1,,,,,,,,
24,AC,AXGA18ADTR,N/A,O'GENERAL,R/22,Window AC,Room - 24,1,,,,,,,,
25,AC,AXGA18ADTR,N/A,O'GENERAL,R/22,Window AC,Room - 25,1,,,,,,,,
26,AC,AXGA18ADTR,N/A,O'GENERAL,R/22,Window AC,Room - 26,1,,,,,,,,
27,AC,AXGA18ADTR,N/A,O'GENERAL,R/22,Window AC,Room - 27,1,,,,,,,,
28,AC,AXGA18ADTR,N/A,O'GENERAL,R/22,Window AC,Room - 28,1,,,,,,,,
29,AC,AXGA18ADTR,N/A,O'GENERAL,R/22,Window AC,Room - 29,1,,,,,,,,
30,AC,AXGA18ADTR,N/A,O'GENERAL,R/22,Window AC,Room - 30,1,,,,,,,,
31,AC,AXGA18ADTR,N/A,O'GENERAL,R/22,Window AC,Room - 31,1,,,,,,,,
32,AC,AXGA18ADTR,N/A,O'GENERAL,R/22,Window AC,Room - 32,1,,,,,,,,
33,AC,AXGA18ADTR,N/A,O'GENERAL,R/22,Window AC,Room - 33,1,,,,,,,,
34,AC,AXGA18ADTR,N/A,O'GENERAL,R/22,Window AC,Room - 34,1,,,,,,,,
35,AC,AXGA18ADTR,N/A,O'GENERAL,R/22,Window AC,Room - 35,1,,,,,,,,
36,AC,AXGA18ADTR,N/A,O'GENERAL,R/22,Window AC,Room - 36,1,,,,,,,,
37,AC,AXGA18ADTR,N/A,O'GENERAL,R/22,Window AC,Room - 37,1,,,,,,,,
38,AC,AXGA18ADTR,N/A,O'GENERAL,R/22,Window AC,Room - 38,1,,,,,,,,
39,AC,AXGA18ADTR,N/A,O'GENERAL,R/22,Window AC,Room - 39,1,,,,,,,,
40,AC,AXGA18ADTR,N/A,O'GENERAL,R/22,Window AC,Room - 40,1,,,,,,,,
41,AC,AXGA18ADTR,N/A,O'GENERAL,R/22,Window AC,Room - 41,1,,,,,,,,
42,AC,AXGA18ADTR,N/A,O'GENERAL,R/22,Window AC,Room - 42,1,,,,,,,,
43,AC,AXGA18ADTR,N/A,O'GENERAL,R/22,Window AC,Room - 43,1,,,,,,,,
44,AC,AXGA18ADTR,N/A,O'GENERAL,R/22,Window AC,Room - 44,1,,,,,,,,
45,AC,AXGA18ADTR,N/A,O'GENERAL,R/22,Window AC,Room - 45,1,,,,,,,,
46,AC,AXGA18ADTR,N/A,O'GENERAL,R/22,Window AC,Room - 46,1,,,,,,,,
47,AC,AXGA18ADTR,N/A,O'GENERAL,R/22,Window AC,Room - 47,1,,,,,,,,
48,AC,AXGA18ADTR,N/A,O'GENERAL,R/22,Window AC,Room - 48,1,,,,,,,,
49,AC,AXGA18ADTR,N/A,O'GENERAL,R/22,Window AC,Room - 49,1,,,,,,,,
50,AC,AXGA18ADTR,N/A,O'GENERAL,R/22,Window AC,Room - 50,1,,,,,,,,
51,Ex Fan,5137130000,N/A,Solar & Palav,N/A,Exhaust Fan,Rooftop,1,,,,,,,,
52,Ex Fan,5137130000,N/A,Solar & Palav,N/A,Exhaust Fan,Rooftop,1,,,,,,,,
53,Ex Fan,5137130000,N/A,Solar & Palav,N/A,Exhaust Fan,Rooftop,1,,,,,,,,
54,Ex Fan,5137130000,N/A,Solar & Palav,N/A,Exhaust Fan,Rooftop,1,,,,,,,,
55,SPU,123TCP,N/A,LG,R/410A,Wall Mounted,Honeyroom,1,,,,,,,,
1,SPU,134TKFU,010KALCOCF64,LG,R/410A,WALL MOUNTED,ROOF,1,,,,,,,,
2,SPU,134TKFU,010KAGSOCF63,LG,R/410A,WALL MOUNTED,ROOF,1,,,,,,,,
3,SPU,134TKFU,010KAPBOCF32,LG,R/410A,WALL MOUNTED,ROOF,1,,,,,,,,
4,SPU,134TKFU,010KAHGOCF81,LG,R/410A,WALL MOUNTED,ROOF,1,,,,,,,,
5,SPU,134TKFU,010KAXVOCF26,LG,R/410A,WALL MOUNTED,ROOF,1,,,,,,,,
6,SPU,134TKFU,009KAGSO7895,LG,R/410A,WALL MOUNTED,ROOF,1,,,,,,,,
7,SPU,134TKFU,010KAPBOCF80,LG,R/410A,WALL MOUNTED,ROOF,1,,,,,,,,
8,SPU,127SCP,9035AMX09147,LG,R/410A,WALL MOUNTED,ROOF,1,,,,,,,,
9,SPU,127SCP,9038AWG09153,LG,R/410A,WALL MOUNTED,ROOF,1,,,,,,,,
10,SPU,123SCP,904SAHMO6505,LG,R/410A,WALL MOUNTED,ROOF,1,,,,,,,,
11,SPU,123SCP,904SAYT06506,LG,R/410A,WALL MOUNTED,ROOF,1,,,,,,,,
12,SPU,123SCP,904SACZ06506,LG,R/410A,WALL MOUNTED,ROOF,1,,,,,,,,
13,SPU,123SCP,904SAWG06425,LG,R/410A,WALL MOUNTED,ROOF,1,,,,,,,,
14,AC,ACK/129-1500,N/A,JK WIN-DREAM,N/A,AIR CURTAIN,Ground,1,,,,,,,,
15,AC,ACK/129-1500,N/A,JK WIN-DREAM,N/A,AIR CURTAIN,Ground,1,,,,,,,,
16,SPU,AR12TRHAKWKX,BD87P8DR30020GW,SAMSUNG,R/410A,WALL MOUNTED,ROOF,1,,,,,,,,
17,SPU,AOGA36FETA,T095360,O'GENERAL,R/410A,WALL MOUNTED,ROOF,1,,,,,,,,
1,FSU,FSOJ-060 [CR],1705603680,Silkair,R/22,FLOOR STANDING UNIT,Warehouse-3,1,,,,,,,,
2,FSU,FSOJ-060 [CR],1705603690,Silkair,R/22,FLOOR STANDING UNIT,Warehouse-3,1,,,,,,,,
3,FSU,FSOJ-060 [CR],1705603693,Silkair,R/22,FLOOR STANDING UNIT,Warehouse-3,1,,,,,,,,
4,FSU,FSOJ-060 [CR],1705603705,Silkair,R/22,FLOOR STANDING UNIT,Warehouse-3,1,,,,,,,,
5,SPU,AOGA24FUTBRU,T164954,O'GENERAL,R/410A,WALL MOUNTED,Warehouse-3,1,,,,,,,,
6,FSU,FSOJ-060 [CR],1705603707,Silkair,R/22,FLOOR STANDING UNIT,Warehouse-2,1,,,,,,,,
7,FSU,FSOJ-060 [CR],1705603699,Silkair,R/22,FLOOR STANDING UNIT,Warehouse-2,1,,,,,,,,
8,FSU,FSOJ-060 [CR],1705603667,Silkair,R/22,FLOOR STANDING UNIT,Warehouse-2,1,,,,,,,,
9,FSU,FSOJ-060 [CR],1705603688,Silkair,R/22,FLOOR STANDING UNIT,Warehouse-2,1,,,,,,,,
10,FSU,FSOJ-060 [CR],1705603687,Silkair,R/22,FLOOR STANDING UNIT,Warehouse-1,1,,,,,,,,
11,FSU,FSOJ-060 [CR],1705603711,Silkair,R/22,FLOOR STANDING UNIT,Warehouse-1,1,,,,,,,,
12,FSU,FSOJ-060 [CR],1705603709,Silkair,R/22,FLOOR STANDING UNIT,Warehouse-1,1,,,,,,,,
13,FSU,FSOJ-060 [CR],1705603679,Silkair,R/22,FLOOR STANDING UNIT,Warehouse-1,1,,,,,,,,
14,PU,TRP-HO69E1N5A00,NA,TROSTEN,R/410,Packege Unit,"Warehouse-4,5,6,7",5,,,,,,,,
15,FAHU,TROSTEN,TROSTEN,TROSTEN,R/410,Fesh Air Unit,"Warehouse-4,5,6,7",1,,,,,,,,
1,PU,DMS240COOAQA11,SHF2000170410,TROSTEN,R/410A,PACKAGE UNIT,Rooftop,1,,,,,,,,
2,PU,DMS240COOAQA11,SHF2000200110,TROSTEN,R/410A,PACKAGE UNIT,Rooftop,1,,,,,,,,
3,DX,Trosten,NA,TROSTEN,R/410A,WALL MOUNTED,Rooftop,3,,,,,,,,
4,WC,            Sapphire,N/A,            Sapphire,R/22,WATER COOLING SYSTEM,Rooftop,1,,,,,,,,
5,FAHU ,38VT01468HTMM1,NA,Carrier,R410,Night Majlis Roof,Rooftop,1,,,,,,,,
1,PU,APMR52150G1,NA,SKS,R22,PACKAGE UNIT,Rooftop,1,,,,,,,,
2,PU,APMR52240G1,NA,SKS,R22,PACKAGE UNIT,Rooftop,1,,,,,,,,
3,VAV,VAV-B-12-F,BETEC CAD,BETEC CAD,NA,Bypass VAV,Admin Building,20,,,,,,,,
4,FAHU,SK-HPH190DXSYR,NA,SKM,410,FRESH AIR UNIT,Rooftop,1,,,,,,,,
1,PU,SKM,N/A,SKM,R22,ROOF,Garage Parking Gate 3,2,,,,,,,,
2,SPU,ASGA30FUT-U,N/A,O'GENERAL,410A,WALL MOUNTED,LV ROOM,3,,,,,,,,
3,SPU,ASGA24FUT-U,N/A,O'GENERAL,410A,WALL MOUNTED,Royal Gym,15,,,,,,,,
1,FCU/G/01,AOGA45FRJDSU,T015587,O'General,R/410A,FAN COIL UNIT,GROUND FLOOR,1,Additional,,,,,,,
2,FCU/G/02,AOGA25FBTAHU,T025021,O'General,R/410A,FAN COIL UNIT,GROUND FLOOR,1,Additional,,,,,,,
3,FCU/G/03,AOGA30FBTASU,T033559,O'General,R/410A,FAN COIL UNIT,GROUND FLOOR,1,Additional,,,,,,,
4,FCU/G/04,AOGA36FRTDSU,T022807,O'General,R/410A,FAN COIL UNIT,GROUND FLOOR,1,Additional,,,,,,,
5,FCU/G/05,AOGA36FRTDSU,T022569,O'General,R/410A,FAN COIL UNIT,GROUND FLOOR,1,Additional,,,,,,,
6,FCU/G/06,AOGA36FRTDSU,T022568,O'General,R/410A,FAN COIL UNIT,GROUND FLOOR,1,Additional,,,,,,,
7,FCU/G/07,AOGA60FRTBSU,T026542,O'General,R/410A,FAN COIL UNIT,GROUND FLOOR,1,Additional,,,,,,,
8,VAV/01,N/A,N/A,Siemens,N/A,Variable Air Volume,Ground Floor,1,Additional,,,,,,,
9,VAV/02,N/A,N/A,Siemens,N/A,Variable Air Volume,Ground Floor,1,Additional,,,,,,,
10,VAV/03,N/A,N/A,Siemens,N/A,Variable Air Volume,Ground Floor,1,Additional,,,,,,,
11,VAV/04,N/A,N/A,Siemens,N/A,Variable Air Volume,Ground Floor,1,Additional,,,,,,,
12,VAV/05,N/A,N/A,Siemens,N/A,Variable Air Volume,Ground Floor,1,Additional,,,,,,,
13,VAV/06,N/A,N/A,Siemens,N/A,Variable Air Volume,Ground Floor,1,Additional,,,,,,,
14,VAV/07,N/A,N/A,Siemens,N/A,Variable Air Volume,Ground Floor,1,Additional,,,,,,,
15,VAV/08,N/A,N/A,Siemens,N/A,Variable Air Volume,Ground Floor,1,Additional,,,,,,,
16,VAV/09,N/A,N/A,Siemens,N/A,Variable Air Volume,Ground Floor,1,Additional,,,,,,,
17,VAV/10,N/A,N/A,Siemens,N/A,Variable Air Volume,Ground Floor,1,Additional,,,,,,,
1,PU-1,TRPH026DIN5A,20241244001,TROSTEN,R/410A,PACKAGE UNIT-1,ROOF,1,Additional,,,,,,,
2,PU-2,TRPH026DIN5A,20241244002,TROSTEN,R/410A,PACKAGE UNIT-2,ROOF,1,Additional,,,,,,,
3,EXF-1,TWD 3/8 B4M,30008680-50,DYNAIR,Not Applicable,DUCTABLE EX FAN UNIT,ROOF,1,Additional,,,,,,,
4,EXF-2,TWD 3/8 B4M,30008680-80,DYNAIR,Not Applicable,DUCTABLE EX FAN UNIT,ROOF,1,Additional,,,,,,,
5,FAHU-1,TAH-020TFM,2024-0242/0001,TROSTEN,R/410,FRESH AIR UNIT,ROOF,1,Additional,,,,,,,
6,FAHU-2,TAH-020TFM,2024-0242/0002,TROSTEN,R/410,FRESH AIR UNIT,ROOF,1,Additional,,,,,,,
7,EXF-3,TWD 3/8 B4M,30008880-40,DYNAIR,Not Applicable,DUCTABLE EX FAN UNIT,ROOF,1,Additional,,,,,,,
8,EXF-4,TWD 7/7 B4M,30008680-20,DYNAIR,Not Applicable,DUCTABLE EX FAN UNIT,ROOF,1,Additional,,,,,,,
9,EXF-5,TWD 9/9 B4M,30008680-10,DYNAIR,Not Applicable,DUCTABLE EX FAN UNIT,ROOF,1,Additional,,,,,,,
10,DSPU,TAC-G36E1N6B00,C21022400986,TROSTEN,R/410,DUCTABLE UNIT,1ST FLOOR RM 09,1,Additional,,,,,,,
11,DSPU,TAC-G36E1N6B00,C19032400437,TROSTEN,R/410,DUCTABLE UNIT,2ND FLOOR RM 09,1,Additional,,,,,,,
12,DSPU,TAC-G42E1N5B00,S21032400476,TROSTEN,R/410,DUCTABLE UNIT,GND DINING 06,1,Additional,,,,,,,
13,DSPU,TAC-G42E1N5B00,C27042308373,TROSTEN,R/410,DUCTABLE UNIT,GND DINING 05,1,Additional,,,,,,,
14,DSPU,TAC-G36E1N6B00,C190B2400432,TROSTEN,R/410,DUCTABLE UNIT,2ND FLOOR AC RM 08,1,Additional,,,,,,,
15,DSPU,TAC-G36E1N6B00,C21022400982,TROSTEN,R/410,DUCTABLE UNIT,1ST FLOOR AC RM 08,1,Additional,,,,,,,
16,DSPU,TAC-G36E1N6B00,C19032400433,TROSTEN,R/410,DUCTABLE UNIT,2ND FLOOR AC RM 06,1,Additional,,,,,,,
17,DSPU,TAC-G36E1N6B00,C21022400983,TROSTEN,R/410,DUCTABLE UNIT,1ST AC RM 01,1,Additional,,,,,,,
18,DSPU,TAC-G48E1N5B00,C21022400989,TROSTEN,R/410,DUCTABLE UNIT,GND DISHWASH 04,1,Additional,,,,,,,
19,DSPU,TAC-G48E1N5B00,C21022400988,TROSTEN,R/410,DUCTABLE UNIT,GF AC DINING 03,1,Additional,,,,,,,
20,DSPU,TAC-G48E1N5B00,C21022400987,TROSTEN,R/410,DUCTABLE UNIT,GF AC DINING 02,1,Additional,,,,,,,
21,DSPU,TAC-G42E1N5B00,C27042308369,TROSTEN,R/410,DUCTABLE UNIT,GF AC DINING 01,1,Additional,,,,,,,
22,DSPU,TAC-G36E1N6B00,C21022400984,TROSTEN,R/410,DUCTABLE UNIT,FF AC RM 04,1,Additional,,,,,,,
23,DSPU,TAC-G36E1N6B00,C19032400424,TROSTEN,R/410,DUCTABLE UNIT,SF AC RM 04,1,Additional,,,,,,,
24,DSPU,TAC-G36E1N6B00,C19032400434,TROSTEN,R/410,DUCTABLE UNIT,FF AC CORRIDOR 10,1,Additional,,,,,,,
25,DSPU,TAC-G36E1N6B00,C19032400438,TROSTEN,R/410,DUCTABLE UNIT,SF AC RM 02,1,Additional,,,,,,,
26,DSPU,TAC-G70E1N5B00,C27082212489,TROSTEN,R/410,DUCTABLE UNIT,BF AC RM 01,1,Additional,,,,,,,
27,DSPU,TAC-G36E1N6B00,C21022400985,TROSTEN,R/410,DUCTABLE UNIT,FF AC RM 04,1,Additional,,,,,,,
28,DSPU,TAC-G70E1N5B00,C28082212708,TROSTEN,R/410,DUCTABLE UNIT,RF AC 01,1,Additional,,,,,,,
29,DSPU,TAC-G36E1N6B00,C19032400428,TROSTEN,R/410,DUCTABLE UNIT,SF CORRIDOR 10,1,Additional,,,,,,,
30,DSPU,TAC-G36E1N6B00,C19032400429,TROSTEN,R/410,DUCTABLE UNIT,SF AC RM 01,1,Additional,,,,,,,
31,DSPU,TAC-G36E1N6B00,C19032400425,TROSTEN,R/410,DUCTABLE UNIT,SF AC RM 03,1,Additional,,,,,,,
32,DSPU,TAC-G36E1N6B00,C19032400431,TROSTEN,R/410,DUCTABLE UNIT,FF AC RM 01,1,Additional,,,,,,,
33,DSPU,TAC-G36E1N6B00,C19032400430,TROSTEN,R/410,DUCTABLE UNIT,SF AC RM 05,1,Additional,,,,,,,
34,DSPU,TAC-G36E1N6B00,C06072202221,TROSTEN,R/410,DUCTABLE UNIT,SF AC RM 05,1,Additional,,,,,,,
35,DSPU,TAC-G36E1N6B00,C19032400436,TROSTEN,R/410,DUCTABLE UNIT,FF AC RM 05,1,Additional,,,,,,,
36,DSPU,TAC-G36E1N6B00,C19032400427,TROSTEN,R/410,DUCTABLE UNIT,FF AC RM 07,1,Additional,,,,,,,
37,DSPU,TAC-G36E1N6B00,C19032400426,TROSTEN,R/410,DUCTABLE UNIT,SF AC RM 07,1,Additional,,,,,,,
38,Air Curtain,Olfifini,NA,olfifini,NA,Wall Mauntain,Dinning,3,,,,,,,,
1,      CU,Trosten,NA,Trosten,410,DUCTABLE UNIT,NNM,1,,,,,,,,
2,FAHU,Trosten,NA,Trosten,410,DUCTABLE UNIT,NNM,1,,,,,,,,
3,EcologyUnit,Trosten,NA,Trosten,           NA,DUCTABLE UNIT,NNM,1,,,,,,,,
4,AHU-1,York,York,YORK,CHW,AIR HANDLING UNIT,ROOF,1,Additional,,,,,,,
5,AHU-2,York,York,YORK,CHW,AIR HANDLING UNIT,ROOF,1,Additional,,,,,,,
6,AHU-3,York,York,YORK,CHW,AIR HANDLING UNIT,ROOF,1,Additional,,,,,,,
7,AHU-4,York,York,YORK,CHW,AIR HANDLING UNIT,ROOF,1,Additional,,,,,,,
8,FCU/G/01,YDFC20STCBXF2XA5A,50532D03825690,YORK,CHW,FAN COIL UNIT,GROUND FLOOR,1,Additional,,,,,,,
9,FCU/G/02,YDFC20STCBXF2XXXX,50532D038256XX,YORK,CHW,FAN COIL UNIT,GROUND FLOOR,1,Additional,,,,,,,
10,FCU/G/03,YDFC20STCBXF2XXXX,50532D038256XX,YORK,CHW,FAN COIL UNIT,GROUND FLOOR,1,Additional,,,,,,,
11,FCU/G/04,YDFC20STCBXF2XXXX,50532D038256XX,YORK,CHW,FAN COIL UNIT,GROUND FLOOR,1,Additional,,,,,,,
12,FCU/G/05,YDFC20STCBXF2XXXX,50532D038256XX,YORK,CHW,FAN COIL UNIT,GROUND FLOOR,1,Additional,,,,,,,
13,FCU/B/01,YDFC20STCBXF2XXXX,50532D038256XX,YORK,CHW,FAN COIL UNIT,BASEMENT,1,Additional,,,,,,,
14,FCU/B/02,YDFC20STCBXF2XXXX,50532D038256XX,YORK,CHW,FAN COIL UNIT,BASEMENT,1,Additional,,,,,,,
15,FCU/B/03,YDFC20STCBXF2XXXX,50532D038256XX,YORK,CHW,FAN COIL UNIT,BASEMENT,1,Additional,,,,,,,
16,FCU/B/04,YDFC20STCBXF2XXXX,50532D038256XX,YORK,CHW,FAN COIL UNIT,BASEMENT,1,Additional,,,,,,,
17,FCU/B/05,YDFC20STCBXF2XXXX,50532D038256XX,YORK,CHW,FAN COIL UNIT,BASEMENT,1,Additional,,,,,,,
18,FCU/B/06,YDFC20STCBXF2XXXX,50532D038256XX,YORK,CHW,FAN COIL UNIT,BASEMENT,1,Additional,,,,,,,
19,FCU/B/07,YDFC20STCBXF2XXXX,50532D038256XX,YORK,CHW,FAN COIL UNIT,BASEMENT,1,Additional,,,,,,,
20,CHW Pump 1,O404MAR21,n/a,Weg,CHW,Chilled Water Pump ,Ruler Palace Chiller Yard,1,Additional,,,,,,,
21,CHW Pump 1,O404MAR21,n/a,Weg,CHW,Chilled Water Pump ,Ruler Palace Chiller Yard,1,Additional,,,,,,,